question,distribution,supports
"Middle East // When it comes to their values, how much do you think immigrants from each of the following regions have in common with most Americans?","{""A great deal"": 0.049520047540734, ""A fair amount"": 0.12407379732730232, ""Some"": 0.2391484118622682, ""Not too much"": 0.27654726020347453, ""Nothing at all"": 0.31071048306622095}","[""HS6KJNKVK2"", ""U8SCYGK4J5"", ""5UXJPGFBK5"", ""LUDHMR5KN5"", ""U6K9E4LXTT"", ""EUJNX96FKP"", ""9E86ED7M3J"", ""LJYVJMMC5T"", ""3K7MNHF3TA"", ""JWE6LWD9EU"", ""YK9NXLWAD7"", ""66BWA52MVU"", ""VAVP3P88JR"", ""C5CN2Y43MA"", ""NSJH5FZPLS"", ""QXVDUSUU62"", ""JXLCD8HNEL"", ""XMFL39SFLB"", ""F38N9PVSUM"", ""DJ8YUNBPX9"", ""94FY7E74QP"", ""HV693RCW4S"", ""RQHW2L7TUM"", ""LL372QPZWE"", ""5MHU5X6Z4J"", ""XDHCW9R5K3"", ""U9CCY4M44G"", ""HLU4NZAVTU"", ""6LNA38HU6W"", ""HYCNKSXL2A"", ""6SGF5BQY76"", ""6V435D3VJK"", ""RQLBDEC6AM"", ""FN5AU39933"", ""RNW7C4H3TA"", ""T8Z9CVNJAY"", ""8MPJFBXWBC"", ""7E5VNDWTTH"", ""22KYPYM9JG"", ""GVJ2WUBAD4"", ""6DNUAUR7ZZ"", ""JTY4F7GS2W"", ""5B47EZJ6F6"", ""WKUTXGLSLG"", ""MQ28UD269P"", ""CK5PGNRCP3"", ""4N5ZDEUHTX"", ""82CPXTXQT4"", ""NL3M78QYL4"", ""YNFMB6QCG8"", ""2H2QQCNQEJ"", ""WCLNC3HLMD"", ""VX7QK7GSKM"", ""V77KHHPFC5"", ""2C2Q27UQGZ"", ""K8W3RGYMBF"", ""SLAKMTNWVS"", ""XFPXGA52KM"", ""3M3A54TEAL"", ""KFL82LE7PT"", ""E9WNM3GFKR"", ""R7T3BEED8Z"", ""JUHRT9CB6B"", ""TWMJL95UN4"", ""2LB7N76WSK"", ""TDJBA26V5U"", ""RSVU4AKANV"", ""LJ9AWSG8F8"", ""RXPUBTJVDN"", ""WGGXVQZ6F3"", ""VJ3Y2JVWTV"", ""VX8HXTGEQB"", ""R772F2S6A8"", ""PPMBGF3L2X"", ""YXQ2CNUM2R"", ""RGUK9G2SEE"", ""SS8KVQCS82"", ""CJCZEP2UWG"", ""DGYYH4FLF9"", ""RH7K4KBDSM"", ""3K3JLP72F9"", ""JE6F9J7DPD"", ""VMFY5AJ7H7"", ""5QAGXBALNN"", ""BV3PP5UXLD"", ""RPXVAH5WBY"", ""9WPQZ5DZYV"", ""CWEFRH66QZ"", ""VWHS7LEB5S"", ""36L53VDZQU"", ""WWYEHR5Q7X"", ""QRBFLR6NFD"", ""NLSYL9HB4L"", ""7GCZ5K6DGC"", ""RRCURFFDJ7"", ""P8LAK57G23"", ""VKQ6QEHFF6"", ""C5VLH4U4F6"", ""D5SABULU3K"", ""8NJBU335SX""]"
Crime // What type of impact do you think immigrants living in the country illegally are having on each of the following areas?,"{""Making things better"": 0.2023787932223775, ""Making things worse"": 0.1950263373585926, ""Not having much effect"": 0.60259486941903}","[""G6LLVZ3K5N"", ""BSBDC82BFY"", ""ST5KGQJNWA"", ""8PFSLW85TS"", ""G38FFV8RKD"", ""WESJA9EUTX"", ""B5WLQ3GTH7"", ""7R7B5GRGQJ"", ""JDKUFW2MYU"", ""M6M5CAARM2"", ""GMK4VUEQY5"", ""WGU5YH86A6"", ""D8VNBBJ7F7"", ""4F9UH84PF2"", ""24UGS9DYYY"", ""R42BA4P557"", ""DAZXY6JPXJ"", ""KHCH85Q76W"", ""Q5TTBPV24S"", ""PNP6P52U7W"", ""TN66X62UEC"", ""3Z9RP5J63L"", ""ESEP3TZY39"", ""QL38ERN3JV"", ""DW758NEXFR"", ""CL386LKUEC"", ""PPG6WS2RA4"", ""9VR9ENUF8S"", ""2FSCRVLGHG"", ""7CZYCMW7RT"", ""T6NK7K8JAF"", ""MAPVT9KBLV"", ""5L9WL7A2VW"", ""JWL6M9LXU7"", ""3LVKTNR5JG"", ""25PDVZFXNV"", ""Q27VQQYGEZ"", ""XZ73NQLYUS"", ""RTRW3JAMRA"", ""XE7ZR8FJPY"", ""6DNUAUR7ZZ"", ""JTY4F7GS2W"", ""5B47EZJ6F6"", ""WKUTXGLSLG"", ""MQ28UD269P"", ""CK5PGNRCP3"", ""4N5ZDEUHTX"", ""82CPXTXQT4"", ""NL3M78QYL4"", ""YNFMB6QCG8"", ""2H2QQCNQEJ"", ""WCLNC3HLMD"", ""VX7QK7GSKM"", ""V77KHHPFC5"", ""2C2Q27UQGZ"", ""K8W3RGYMBF"", ""SLAKMTNWVS"", ""XFPXGA52KM"", ""3M3A54TEAL"", ""KFL82LE7PT"", ""E9WNM3GFKR"", ""R7T3BEED8Z"", ""JUHRT9CB6B"", ""TWMJL95UN4"", ""2LB7N76WSK"", ""TDJBA26V5U"", ""RSVU4AKANV"", ""LJ9AWSG8F8"", ""RXPUBTJVDN"", ""WGGXVQZ6F3"", ""VJ3Y2JVWTV"", ""VX8HXTGEQB"", ""R772F2S6A8"", ""PPMBGF3L2X"", ""YXQ2CNUM2R"", ""RGUK9G2SEE"", ""SS8KVQCS82"", ""CJCZEP2UWG"", ""DGYYH4FLF9"", ""RH7K4KBDSM"", ""3K3JLP72F9"", ""JE6F9J7DPD"", ""VMFY5AJ7H7"", ""5QAGXBALNN"", ""BV3PP5UXLD"", ""RPXVAH5WBY"", ""9WPQZ5DZYV"", ""CWEFRH66QZ"", ""VWHS7LEB5S"", ""36L53VDZQU"", ""WWYEHR5Q7X"", ""QRBFLR6NFD"", ""NLSYL9HB4L"", ""7GCZ5K6DGC"", ""RRCURFFDJ7"", ""P8LAK57G23"", ""VKQ6QEHFF6"", ""C5VLH4U4F6"", ""D5SABULU3K"", ""8NJBU335SX""]"
Do you listen to the radio?,"{""Yes"": 0.2731553170435445, ""No"": 0.7268446829564555}","[""ZCX2HXZKRE"", ""MNQMKCFFAX"", ""R68C546C58"", ""93K544YZ94"", ""LP7VJC7AUU"", ""VB4NSTNCTV"", ""PZQXPSGFVM"", ""MWYH53AHUD"", ""63CVXG45KP"", ""VHV3Q8BCSA"", ""U3H4DHS5YN"", ""DJAPN2MLQG"", ""BJQ42D3T9K"", ""JW3BNJGHK9"", ""MEBVLP96EF"", ""B3LCJSGW7G"", ""JBBVLKHSNQ"", ""SF87D7K6YY"", ""BZ6EB93PT3"", ""6ECRYH682R"", ""CBSFJ8DRXH"", ""6SF9HCLPB2"", ""VGGVFTKBUL"", ""U27NNPZ8RU"", ""X9FC6WA242"", ""MQLHGT8VSD"", ""XJH8X7DWAH"", ""Q7BDPGJ8LL"", ""HCYM2D8NRU"", ""M4ZJ2EZ62M"", ""ERN4L67ZCS"", ""C8FLM48KJQ"", ""CVZ4E4P8DK"", ""NDT5NU22DN"", ""FFYFYHZHZ7"", ""E3AAUQPCSY"", ""WPUQ3HAAB3"", ""9JB4AW5D7M"", ""P265M8PCHN"", ""PRDYP8LAYG"", ""6DNUAUR7ZZ"", ""JTY4F7GS2W"", ""5B47EZJ6F6"", ""WKUTXGLSLG"", ""MQ28UD269P"", ""CK5PGNRCP3"", ""4N5ZDEUHTX"", ""82CPXTXQT4"", ""NL3M78QYL4"", ""YNFMB6QCG8"", ""2H2QQCNQEJ"", ""WCLNC3HLMD"", ""VX7QK7GSKM"", ""V77KHHPFC5"", ""2C2Q27UQGZ"", ""K8W3RGYMBF"", ""SLAKMTNWVS"", ""XFPXGA52KM"", ""3M3A54TEAL"", ""KFL82LE7PT"", ""E9WNM3GFKR"", ""R7T3BEED8Z"", ""JUHRT9CB6B"", ""TWMJL95UN4"", ""2LB7N76WSK"", ""TDJBA26V5U"", ""RSVU4AKANV"", ""LJ9AWSG8F8"", ""RXPUBTJVDN"", ""WGGXVQZ6F3"", ""VJ3Y2JVWTV"", ""VX8HXTGEQB"", ""R772F2S6A8"", ""PPMBGF3L2X"", ""YXQ2CNUM2R"", ""RGUK9G2SEE"", ""SS8KVQCS82"", ""CJCZEP2UWG"", ""DGYYH4FLF9"", ""RH7K4KBDSM"", ""3K3JLP72F9"", ""JE6F9J7DPD"", ""VMFY5AJ7H7"", ""5QAGXBALNN"", ""BV3PP5UXLD"", ""RPXVAH5WBY"", ""9WPQZ5DZYV"", ""CWEFRH66QZ"", ""VWHS7LEB5S"", ""36L53VDZQU"", ""WWYEHR5Q7X"", ""QRBFLR6NFD"", ""NLSYL9HB4L"", ""7GCZ5K6DGC"", ""RRCURFFDJ7"", ""P8LAK57G23"", ""VKQ6QEHFF6"", ""C5VLH4U4F6"", ""D5SABULU3K"", ""8NJBU335SX""]"
Have you ever experienced or believed in any of the following?,"{""Had a sudden feeling of connection with something from beyond this world"": 0.30538427372967664, ""Had a strong feeling that someone who has passed away was communicating with you from beyond this world"": 0.3545682201656487, ""Believe that spirits or unseen spiritual forces exist and have personally encountered one"": 0.3400475061046746}","[""S36RE8NVAN"", ""7R837PCV4G"", ""VJ35QTC7ZB"", ""M77A9MMD3Q"", ""8EMEW7SGG3"", ""S53UAPZTJH"", ""F5N4GJPP7C"", ""UEXVMQYAPC"", ""BFWLYETQJQ"", ""8PMU4ZAUJ7"", ""3TPZ8Y4BSL"", ""VAMT8LLSBM"", ""JZ5NT75WVC"", ""WKEAR8AZU4"", ""B3YUKRQ2VM"", ""N6E9JULDPU"", ""XV2YKKDT3H"", ""96KP9YCZNY"", ""TCQZEBWGFG"", ""39UQPJLHSZ"", ""WPKK9EKQY5"", ""Z4XCZSLVKM"", ""UPEARRZ54P"", ""CWRVUZT92Q"", ""EF4APT7XG4"", ""C33EZSYK7E"", ""ELT2DRGCQX"", ""XE5GH8T576"", ""DWYWY5ZQLE"", ""UJTAD8LDA4"", ""QUHBC99JF6"", ""RG9YCEFVPZ"", ""MX4WK7QKNQ"", ""YNXRETDU8P"", ""4XT2ZDKND4"", ""HGC4TG5WDD"", ""964TJ235A6"", ""G8U8VZ3EPJ"", ""QF3ZX6MPJX"", ""CGL7T2NLRA"", ""6DNUAUR7ZZ"", ""JTY4F7GS2W"", ""5B47EZJ6F6"", ""WKUTXGLSLG"", ""MQ28UD269P"", ""CK5PGNRCP3"", ""4N5ZDEUHTX"", ""82CPXTXQT4"", ""NL3M78QYL4"", ""YNFMB6QCG8"", ""2H2QQCNQEJ"", ""WCLNC3HLMD"", ""VX7QK7GSKM"", ""V77KHHPFC5"", ""2C2Q27UQGZ"", ""K8W3RGYMBF"", ""SLAKMTNWVS"", ""XFPXGA52KM"", ""3M3A54TEAL"", ""KFL82LE7PT"", ""E9WNM3GFKR"", ""R7T3BEED8Z"", ""JUHRT9CB6B"", ""TWMJL95UN4"", ""2LB7N76WSK"", ""TDJBA26V5U"", ""RSVU4AKANV"", ""LJ9AWSG8F8"", ""RXPUBTJVDN"", ""WGGXVQZ6F3"", ""VJ3Y2JVWTV"", ""VX8HXTGEQB"", ""R772F2S6A8"", ""PPMBGF3L2X"", ""YXQ2CNUM2R"", ""RGUK9G2SEE"", ""SS8KVQCS82"", ""CJCZEP2UWG"", ""DGYYH4FLF9"", ""RH7K4KBDSM"", ""3K3JLP72F9"", ""JE6F9J7DPD"", ""VMFY5AJ7H7"", ""5QAGXBALNN"", ""BV3PP5UXLD"", ""RPXVAH5WBY"", ""9WPQZ5DZYV"", ""CWEFRH66QZ"", ""VWHS7LEB5S"", ""36L53VDZQU"", ""WWYEHR5Q7X"", ""QRBFLR6NFD"", ""NLSYL9HB4L"", ""7GCZ5K6DGC"", ""RRCURFFDJ7"", ""P8LAK57G23"", ""VKQ6QEHFF6"", ""C5VLH4U4F6"", ""D5SABULU3K"", ""8NJBU335SX""]"
What benefits do you think video games provide?,"{""Bring people joy"": 0.2589990124133351, ""Provide mental stimulation"": 0.1657109482310055, ""Provide stress relief"": 0.09997669785673566, ""Help improve cognitive skills"": 0.18011936809411777, ""Create a feeling of community"": 0.2951939734048061}","[""E4UKK39BU6"", ""YL96D8HMDR"", ""2W58T5K8RQ"", ""MB47H65EKG"", ""WM4EEQMPSG"", ""KUSBJ43ADC"", ""XUPZRPQ49V"", ""3T424TDYCB"", ""NVURRRXRKS"", ""KJKXPWU3UV"", ""XVV5HAFEND"", ""R4GENGUYDU"", ""VKUZQXK2Z2"", ""FCQGPGD4HH"", ""HEVD53UVGF"", ""W8HU227NQ7"", ""JY6ZXPL6PN"", ""F3J7FEA396"", ""X4JV727E8U"", ""KN3CUVPJ5N"", ""NC5WBPX3FK"", ""J7EF357VSS"", ""E2UCE77JUX"", ""TUXSVS2BEB"", ""CZ5ZNRLDNT"", ""UU3U58HMC2"", ""D4B2VEF4SG"", ""ZSQMEPUW35"", ""KPAQP5BGER"", ""N222SGM49Z"", ""8ULAC25G9F"", ""Q8T3JWXDUQ"", ""3J72AEWMC4"", ""NWJKVUQY2L"", ""HREWKN9QKZ"", ""E5LYSH82F7"", ""B9GKDLVR68"", ""FZDXDKWA4Z"", ""H5EXQ5CP47"", ""SF3UXJFNQU"", ""6DNUAUR7ZZ"", ""JTY4F7GS2W"", ""5B47EZJ6F6"", ""WKUTXGLSLG"", ""MQ28UD269P"", ""CK5PGNRCP3"", ""4N5ZDEUHTX"", ""82CPXTXQT4"", ""NL3M78QYL4"", ""YNFMB6QCG8"", ""2H2QQCNQEJ"", ""WCLNC3HLMD"", ""VX7QK7GSKM"", ""V77KHHPFC5"", ""2C2Q27UQGZ"", ""K8W3RGYMBF"", ""SLAKMTNWVS"", ""XFPXGA52KM"", ""3M3A54TEAL"", ""KFL82LE7PT"", ""E9WNM3GFKR"", ""R7T3BEED8Z"", ""JUHRT9CB6B"", ""TWMJL95UN4"", ""2LB7N76WSK"", ""TDJBA26V5U"", ""RSVU4AKANV"", ""LJ9AWSG8F8"", ""RXPUBTJVDN"", ""WGGXVQZ6F3"", ""VJ3Y2JVWTV"", ""VX8HXTGEQB"", ""R772F2S6A8"", ""PPMBGF3L2X"", ""YXQ2CNUM2R"", ""RGUK9G2SEE"", ""SS8KVQCS82"", ""CJCZEP2UWG"", ""DGYYH4FLF9"", ""RH7K4KBDSM"", ""3K3JLP72F9"", ""JE6F9J7DPD"", ""VMFY5AJ7H7"", ""5QAGXBALNN"", ""BV3PP5UXLD"", ""RPXVAH5WBY"", ""9WPQZ5DZYV"", ""CWEFRH66QZ"", ""VWHS7LEB5S"", ""36L53VDZQU"", ""WWYEHR5Q7X"", ""QRBFLR6NFD"", ""NLSYL9HB4L"", ""7GCZ5K6DGC"", ""RRCURFFDJ7"", ""P8LAK57G23"", ""VKQ6QEHFF6"", ""C5VLH4U4F6"", ""D5SABULU3K"", ""8NJBU335SX""]"
Social and cultural values // What type of impact do you think immigrants living in the country illegally are having on each of the following areas?,"{""Making things better"": 0.12369887298672426, ""Making things worse"": 0.09626683694995042, ""Not having much effect"": 0.7800342900633254}","[""9E86ED7M3J"", ""LJYVJMMC5T"", ""6BHXJ7BF65"", ""9B6XKYLNZT"", ""WD3L6BBYFE"", ""2YK39EYFPE"", ""QK4QHLT5C2"", ""UCL6ZPLGQ2"", ""GLKUZQ2YS3"", ""X6XW48Q8DC"", ""L4ZWQCSA7K"", ""YARP4TZYBK"", ""HLU4NZAVTU"", ""6LNA38HU6W"", ""TEX3CDKM4E"", ""YL4DFYXUUJ"", ""39TQL2QCHX"", ""Q9WE9A2J2X"", ""WQQHM5EHAC"", ""KMRMQ2C98U"", ""KS6PPXH275"", ""8YTC222Q5V"", ""RQLBDEC6AM"", ""MTQUSHAH3Z"", ""WP92V8RLC8"", ""85VNN58N8J"", ""G2CYV77SCE"", ""Z7VD45XJRL"", ""EZLN5H823Y"", ""ZJXGVXHDQ4"", ""2W577ULD7H"", ""FHG6JJQ36S"", ""SZXAHS5FVU"", ""28FZMJTPYE"", ""GALW6Z4DQG"", ""JX5PUMEYUB"", ""WGN7VB3SBP"", ""E5ZRA8F77N"", ""T5D24LNDFB"", ""FCXF75RHMW"", ""6DNUAUR7ZZ"", ""JTY4F7GS2W"", ""5B47EZJ6F6"", ""WKUTXGLSLG"", ""MQ28UD269P"", ""CK5PGNRCP3"", ""4N5ZDEUHTX"", ""82CPXTXQT4"", ""NL3M78QYL4"", ""YNFMB6QCG8"", ""2H2QQCNQEJ"", ""WCLNC3HLMD"", ""VX7QK7GSKM"", ""V77KHHPFC5"", ""2C2Q27UQGZ"", ""K8W3RGYMBF"", ""SLAKMTNWVS"", ""XFPXGA52KM"", ""3M3A54TEAL"", ""KFL82LE7PT"", ""E9WNM3GFKR"", ""R7T3BEED8Z"", ""JUHRT9CB6B"", ""TWMJL95UN4"", ""2LB7N76WSK"", ""TDJBA26V5U"", ""RSVU4AKANV"", ""LJ9AWSG8F8"", ""RXPUBTJVDN"", ""WGGXVQZ6F3"", ""VJ3Y2JVWTV"", ""VX8HXTGEQB"", ""R772F2S6A8"", ""PPMBGF3L2X"", ""YXQ2CNUM2R"", ""RGUK9G2SEE"", ""SS8KVQCS82"", ""CJCZEP2UWG"", ""DGYYH4FLF9"", ""RH7K4KBDSM"", ""3K3JLP72F9"", ""JE6F9J7DPD"", ""VMFY5AJ7H7"", ""5QAGXBALNN"", ""BV3PP5UXLD"", ""RPXVAH5WBY"", ""9WPQZ5DZYV"", ""CWEFRH66QZ"", ""VWHS7LEB5S"", ""36L53VDZQU"", ""WWYEHR5Q7X"", ""QRBFLR6NFD"", ""NLSYL9HB4L"", ""7GCZ5K6DGC"", ""RRCURFFDJ7"", ""P8LAK57G23"", ""VKQ6QEHFF6"", ""C5VLH4U4F6"", ""D5SABULU3K"", ""8NJBU335SX""]"
People who come from countries not well represented in the U.S. // How much priority should be given to each of the following?,"{""Top priority"": 0.14682027515818374, ""Some priority"": 0.40215722550536503, ""No priority"": 0.4510224993364512}","[""KDBWPGVU8U"", ""LNQ7V2JW2Z"", ""URLL63EXZ8"", ""Z5BP4SESTN"", ""ZCW7Y8ES7A"", ""5P67GCDCW8"", ""MGHAFMN6Y9"", ""6VJYZDMZSY"", ""N7VJNNWPYE"", ""VT8AT93GQA"", ""NT44ZK7JAD"", ""VTGZMERBXZ"", ""WL73HCSDXQ"", ""NATBSTZJ53"", ""J8SB2JYFBV"", ""W4YJMGBZXB"", ""5G2KLJGELX"", ""5JHZMNFQV3"", ""TC8BW452QL"", ""NHPXFTXH9K"", ""4CF8US9DH6"", ""T8NXXTQ9ZJ"", ""XZ5ADSHJ3J"", ""YXTPKU4949"", ""U9K4ST5X9X"", ""QL6DK82AB5"", ""UTXYEA2MG9"", ""NXAHDM84BN"", ""2B37AJ8RG3"", ""SE9F8KH25P"", ""P485CTJAPG"", ""HC494ZAWUX"", ""CNFW36BZTE"", ""KUSAKW3EWR"", ""MPVMSUN2UB"", ""CJP69XLT9G"", ""RDUMB885LQ"", ""4EGEE2QBBE"", ""YD6T7LM45D"", ""Y9MN2BTBTD"", ""6DNUAUR7ZZ"", ""JTY4F7GS2W"", ""5B47EZJ6F6"", ""WKUTXGLSLG"", ""MQ28UD269P"", ""CK5PGNRCP3"", ""4N5ZDEUHTX"", ""82CPXTXQT4"", ""NL3M78QYL4"", ""YNFMB6QCG8"", ""2H2QQCNQEJ"", ""WCLNC3HLMD"", ""VX7QK7GSKM"", ""V77KHHPFC5"", ""2C2Q27UQGZ"", ""K8W3RGYMBF"", ""SLAKMTNWVS"", ""XFPXGA52KM"", ""3M3A54TEAL"", ""KFL82LE7PT"", ""E9WNM3GFKR"", ""R7T3BEED8Z"", ""JUHRT9CB6B"", ""TWMJL95UN4"", ""2LB7N76WSK"", ""TDJBA26V5U"", ""RSVU4AKANV"", ""LJ9AWSG8F8"", ""RXPUBTJVDN"", ""WGGXVQZ6F3"", ""VJ3Y2JVWTV"", ""VX8HXTGEQB"", ""R772F2S6A8"", ""PPMBGF3L2X"", ""YXQ2CNUM2R"", ""RGUK9G2SEE"", ""SS8KVQCS82"", ""CJCZEP2UWG"", ""DGYYH4FLF9"", ""RH7K4KBDSM"", ""3K3JLP72F9"", ""JE6F9J7DPD"", ""VMFY5AJ7H7"", ""5QAGXBALNN"", ""BV3PP5UXLD"", ""RPXVAH5WBY"", ""9WPQZ5DZYV"", ""CWEFRH66QZ"", ""VWHS7LEB5S"", ""36L53VDZQU"", ""WWYEHR5Q7X"", ""QRBFLR6NFD"", ""NLSYL9HB4L"", ""7GCZ5K6DGC"", ""RRCURFFDJ7"", ""P8LAK57G23"", ""VKQ6QEHFF6"", ""C5VLH4U4F6"", ""D5SABULU3K"", ""8NJBU335SX""]"
Which comes closer to your view - even if neither is exactly right?,"{""Immigrants in our country today should adopt American customs and way of life"": 0.4654608207552105, ""Immigrants in our country today should be able to hold on to the customs and way of life of their home country"": 0.5345391792447896}","[""TNLG5DQP8H"", ""NU4JVSV8HS"", ""FUZLZCBBN2"", ""C5QUYNNJB4"", ""5FFMBQAZB4"", ""9UJYBVDVXL"", ""X3S2PWWWX6"", ""C5E8AMUHGZ"", ""Z2GQ2764E7"", ""DMG9DXP3HM"", ""RAC5FWRUPK"", ""GRVW3C487M"", ""WL3S5ZTDHY"", ""YYV8MQTLX4"", ""8WEJ5Q6J7M"", ""F2QXG7UE2Z"", ""4Y2RHHVAVX"", ""3C7KVFMUG9"", ""QN8E79RM3J"", ""69L8TZUKAK"", ""8BRQM92T2H"", ""LS74T5UH39"", ""S83B96XFUY"", ""8C6KK5CYVP"", ""FDSRKAB6XD"", ""XSH57WKGYQ"", ""965QG4YJCY"", ""9EWJHL24LZ"", ""TBZJLY2Q29"", ""2KTD58YKC3"", ""UD2675EUL2"", ""QMRYLZ5HMK"", ""YYKYGP5ZPK"", ""JJ855SCPAR"", ""P4F9963R7J"", ""9BNEW5YRJM"", ""B8FHTA2Q4H"", ""JBRD6AQTVE"", ""FZB7D4972T"", ""B2FLCCNTGU"", ""6DNUAUR7ZZ"", ""JTY4F7GS2W"", ""5B47EZJ6F6"", ""WKUTXGLSLG"", ""MQ28UD269P"", ""CK5PGNRCP3"", ""4N5ZDEUHTX"", ""82CPXTXQT4"", ""NL3M78QYL4"", ""YNFMB6QCG8"", ""2H2QQCNQEJ"", ""WCLNC3HLMD"", ""VX7QK7GSKM"", ""V77KHHPFC5"", ""2C2Q27UQGZ"", ""K8W3RGYMBF"", ""SLAKMTNWVS"", ""XFPXGA52KM"", ""3M3A54TEAL"", ""KFL82LE7PT"", ""E9WNM3GFKR"", ""R7T3BEED8Z"", ""JUHRT9CB6B"", ""TWMJL95UN4"", ""2LB7N76WSK"", ""TDJBA26V5U"", ""RSVU4AKANV"", ""LJ9AWSG8F8"", ""RXPUBTJVDN"", ""WGGXVQZ6F3"", ""VJ3Y2JVWTV"", ""VX8HXTGEQB"", ""R772F2S6A8"", ""PPMBGF3L2X"", ""YXQ2CNUM2R"", ""RGUK9G2SEE"", ""SS8KVQCS82"", ""CJCZEP2UWG"", ""DGYYH4FLF9"", ""RH7K4KBDSM"", ""3K3JLP72F9"", ""JE6F9J7DPD"", ""VMFY5AJ7H7"", ""5QAGXBALNN"", ""BV3PP5UXLD"", ""RPXVAH5WBY"", ""9WPQZ5DZYV"", ""CWEFRH66QZ"", ""VWHS7LEB5S"", ""36L53VDZQU"", ""WWYEHR5Q7X"", ""QRBFLR6NFD"", ""NLSYL9HB4L"", ""7GCZ5K6DGC"", ""RRCURFFDJ7"", ""P8LAK57G23"", ""VKQ6QEHFF6"", ""C5VLH4U4F6"", ""D5SABULU3K"", ""8NJBU335SX""]"
Crime // What type of impact do you think immigrants living in the country legally are having on each of the following areas?,"{""Making things better"": 0.17158585974619991, ""Making things worse"": 0.154311737255158, ""Not having much effect"": 0.6741024029986421}","[""DW758NEXFR"", ""7CZYCMW7RT"", ""T6NK7K8JAF"", ""MAPVT9KBLV"", ""G6LLVZ3K5N"", ""BSBDC82BFY"", ""EU5FL7XCBS"", ""JQPD8QCMG5"", ""VRDJQ4RS7B"", ""B5WLQ3GTH7"", ""7R7B5GRGQJ"", ""GK6US6ELU9"", ""CR2V594SGQ"", ""LHMLNTPCUS"", ""QWP7WHBH4J"", ""46FGQZ3SPN"", ""JL8XDRLXGX"", ""G38FFV8RKD"", ""WESJA9EUTX"", ""DGCD7GKPU7"", ""YJLZGLY2KG"", ""UDZ5NLUFZ8"", ""WB38PF7P76"", ""HGZUNHN89Q"", ""ZLZUXYARAE"", ""XQS6547DR7"", ""CV8QZL5G9A"", ""JDKUFW2MYU"", ""M6M5CAARM2"", ""GMK4VUEQY5"", ""T92E27DNUU"", ""LWWJNCDFVK"", ""WGU5YH86A6"", ""D8VNBBJ7F7"", ""4F9UH84PF2"", ""WNDYMPZLST"", ""24UGS9DYYY"", ""E45J2QCQKB"", ""R42BA4P557"", ""DAZXY6JPXJ"", ""6DNUAUR7ZZ"", ""JTY4F7GS2W"", ""5B47EZJ6F6"", ""WKUTXGLSLG"", ""MQ28UD269P"", ""CK5PGNRCP3"", ""4N5ZDEUHTX"", ""82CPXTXQT4"", ""NL3M78QYL4"", ""YNFMB6QCG8"", ""2H2QQCNQEJ"", ""WCLNC3HLMD"", ""VX7QK7GSKM"", ""V77KHHPFC5"", ""2C2Q27UQGZ"", ""K8W3RGYMBF"", ""SLAKMTNWVS"", ""XFPXGA52KM"", ""3M3A54TEAL"", ""KFL82LE7PT"", ""E9WNM3GFKR"", ""R7T3BEED8Z"", ""JUHRT9CB6B"", ""TWMJL95UN4"", ""2LB7N76WSK"", ""TDJBA26V5U"", ""RSVU4AKANV"", ""LJ9AWSG8F8"", ""RXPUBTJVDN"", ""WGGXVQZ6F3"", ""VJ3Y2JVWTV"", ""VX8HXTGEQB"", ""R772F2S6A8"", ""PPMBGF3L2X"", ""YXQ2CNUM2R"", ""RGUK9G2SEE"", ""SS8KVQCS82"", ""CJCZEP2UWG"", ""DGYYH4FLF9"", ""RH7K4KBDSM"", ""3K3JLP72F9"", ""JE6F9J7DPD"", ""VMFY5AJ7H7"", ""5QAGXBALNN"", ""BV3PP5UXLD"", ""RPXVAH5WBY"", ""9WPQZ5DZYV"", ""CWEFRH66QZ"", ""VWHS7LEB5S"", ""36L53VDZQU"", ""WWYEHR5Q7X"", ""QRBFLR6NFD"", ""NLSYL9HB4L"", ""7GCZ5K6DGC"", ""RRCURFFDJ7"", ""P8LAK57G23"", ""VKQ6QEHFF6"", ""C5VLH4U4F6"", ""D5SABULU3K"", ""8NJBU335SX""]"
"Africa // When it comes to their values, how much do you think immigrants from each of the following regions have in common with most Americans?","{""A great deal"": 0.054253498940670206, ""A fair amount"": 0.1766291035828664, ""Some"": 0.23060229463130885, ""Not too much"": 0.25039873460262496, ""Nothing at all"": 0.2881163682425295}","[""5UXJPGFBK5"", ""LUDHMR5KN5"", ""U6K9E4LXTT"", ""EUJNX96FKP"", ""9E86ED7M3J"", ""LJYVJMMC5T"", ""HLU4NZAVTU"", ""6LNA38HU6W"", ""YK9NXLWAD7"", ""66BWA52MVU"", ""F38N9PVSUM"", ""DJ8YUNBPX9"", ""VAVP3P88JR"", ""5MHU5X6Z4J"", ""C5CN2Y43MA"", ""XDHCW9R5K3"", ""GVJ2WUBAD4"", ""7QKNPPQ469"", ""9DW7FDTKTZ"", ""FAG429ZJ9H"", ""6MPJ4BBXD8"", ""94FY7E74QP"", ""39TQL2QCHX"", ""Q9WE9A2J2X"", ""HV693RCW4S"", ""BGCF8ZJVJS"", ""Q5MP49K6CX"", ""LL372QPZWE"", ""2TPSXPUSHZ"", ""XZM4V8M75D"", ""SXTL8XDYBH"", ""W5D52AAFDX"", ""CSNWF3G8XJ"", ""MGHXL8RE7T"", ""M2XUQ727PW"", ""4G2CCZ953C"", ""E9N3L7JVX3"", ""RQLBDEC6AM"", ""XSEMMJEESB"", ""U9CCY4M44G"", ""6DNUAUR7ZZ"", ""JTY4F7GS2W"", ""5B47EZJ6F6"", ""WKUTXGLSLG"", ""MQ28UD269P"", ""CK5PGNRCP3"", ""4N5ZDEUHTX"", ""82CPXTXQT4"", ""NL3M78QYL4"", ""YNFMB6QCG8"", ""2H2QQCNQEJ"", ""WCLNC3HLMD"", ""VX7QK7GSKM"", ""V77KHHPFC5"", ""2C2Q27UQGZ"", ""K8W3RGYMBF"", ""SLAKMTNWVS"", ""XFPXGA52KM"", ""3M3A54TEAL"", ""KFL82LE7PT"", ""E9WNM3GFKR"", ""R7T3BEED8Z"", ""JUHRT9CB6B"", ""TWMJL95UN4"", ""2LB7N76WSK"", ""TDJBA26V5U"", ""RSVU4AKANV"", ""LJ9AWSG8F8"", ""RXPUBTJVDN"", ""WGGXVQZ6F3"", ""VJ3Y2JVWTV"", ""VX8HXTGEQB"", ""R772F2S6A8"", ""PPMBGF3L2X"", ""YXQ2CNUM2R"", ""RGUK9G2SEE"", ""SS8KVQCS82"", ""CJCZEP2UWG"", ""DGYYH4FLF9"", ""RH7K4KBDSM"", ""3K3JLP72F9"", ""JE6F9J7DPD"", ""VMFY5AJ7H7"", ""5QAGXBALNN"", ""BV3PP5UXLD"", ""RPXVAH5WBY"", ""9WPQZ5DZYV"", ""CWEFRH66QZ"", ""VWHS7LEB5S"", ""36L53VDZQU"", ""WWYEHR5Q7X"", ""QRBFLR6NFD"", ""NLSYL9HB4L"", ""7GCZ5K6DGC"", ""RRCURFFDJ7"", ""P8LAK57G23"", ""VKQ6QEHFF6"", ""C5VLH4U4F6"", ""D5SABULU3K"", ""8NJBU335SX""]"
People who have close family members already living in the U.S. // How much priority should be given to each of the following?,"{""Top priority"": 0.4004020994400128, ""Some priority"": 0.18053174976385133, ""No priority"": 0.4190661507961359}","[""NATBSTZJ53"", ""QKKPF4EVY7"", ""BU578RPNLA"", ""5JHZMNFQV3"", ""QL6DK82AB5"", ""NXAHDM84BN"", ""GQ9UC6FLX3"", ""VUCMEL7FUF"", ""2B37AJ8RG3"", ""GWWBYYU3SD"", ""64WUYW6GV2"", ""RT6GU4QPPU"", ""GVU8V3W824"", ""UMPG8H766F"", ""U75MNCY2JB"", ""MSZ3ZVZTDP"", ""5EF7CGMS9K"", ""QUKTC6B2B3"", ""FBULJMAP2G"", ""JEFGU4FBUN"", ""GC94SP4FTP"", ""QAEAEL94PX"", ""FVTTBYM6S4"", ""EE7HC7D2J6"", ""5S4LKM3YM2"", ""CTNX9XHSAW"", ""XL775MV3EM"", ""NKP9EZ9BZ4"", ""GRVZUVR5DY"", ""CYENLG64U2"", ""XKY8PTEXLT"", ""2KKS4WDXWV"", ""DUM3V8RLA2"", ""33LQTQHNEZ"", ""LKF7695EAR"", ""X5XY5KHXY4"", ""4STHHQU7XM"", ""EZTA6F4GGR"", ""JLPMZ7U8RX"", ""UFCWBMQE2M"", ""6DNUAUR7ZZ"", ""JTY4F7GS2W"", ""5B47EZJ6F6"", ""WKUTXGLSLG"", ""MQ28UD269P"", ""CK5PGNRCP3"", ""4N5ZDEUHTX"", ""82CPXTXQT4"", ""NL3M78QYL4"", ""YNFMB6QCG8"", ""2H2QQCNQEJ"", ""WCLNC3HLMD"", ""VX7QK7GSKM"", ""V77KHHPFC5"", ""2C2Q27UQGZ"", ""K8W3RGYMBF"", ""SLAKMTNWVS"", ""XFPXGA52KM"", ""3M3A54TEAL"", ""KFL82LE7PT"", ""E9WNM3GFKR"", ""R7T3BEED8Z"", ""JUHRT9CB6B"", ""TWMJL95UN4"", ""2LB7N76WSK"", ""TDJBA26V5U"", ""RSVU4AKANV"", ""LJ9AWSG8F8"", ""RXPUBTJVDN"", ""WGGXVQZ6F3"", ""VJ3Y2JVWTV"", ""VX8HXTGEQB"", ""R772F2S6A8"", ""PPMBGF3L2X"", ""YXQ2CNUM2R"", ""RGUK9G2SEE"", ""SS8KVQCS82"", ""CJCZEP2UWG"", ""DGYYH4FLF9"", ""RH7K4KBDSM"", ""3K3JLP72F9"", ""JE6F9J7DPD"", ""VMFY5AJ7H7"", ""5QAGXBALNN"", ""BV3PP5UXLD"", ""RPXVAH5WBY"", ""9WPQZ5DZYV"", ""CWEFRH66QZ"", ""VWHS7LEB5S"", ""36L53VDZQU"", ""WWYEHR5Q7X"", ""QRBFLR6NFD"", ""NLSYL9HB4L"", ""7GCZ5K6DGC"", ""RRCURFFDJ7"", ""P8LAK57G23"", ""VKQ6QEHFF6"", ""C5VLH4U4F6"", ""D5SABULU3K"", ""8NJBU335SX""]"
"How much have you seen, read, or heard about illegal immigration in the news lately?","{""A great deal"": 0.049189772103805166, ""A fair amount"": 0.0559315920646247, ""Some"": 0.08639182056150273, ""Not too much"": 0.3541556014634311, ""Nothing at all"": 0.4543312138066362}","[""39MKNKMC38"", ""KJZ6XP2LNF"", ""3F5WBSXZ3A"", ""UBZWS75DAW"", ""YM355LGW77"", ""N32WG8T4DA"", ""ZAFVF2T97U"", ""QMNR8HHCQN"", ""BNAZG8AHDK"", ""BAPQMM76PW"", ""F2XF388AGM"", ""FSNB3GTCAX"", ""2YX588JE22"", ""XDB92YWBN7"", ""YGEJAWWTXL"", ""8P2FW3X6SE"", ""ZFV4UGM96S"", ""LLT4EB7NHR"", ""WWNSULQM6W"", ""KJLVMZK5QM"", ""WZKR6S8XGN"", ""ZDFZ5EHAEK"", ""5GMRHMEZ4L"", ""NKTZV3FN6M"", ""TAYYZY2YE2"", ""D9BK3XBMRM"", ""BA4TQPTR8Y"", ""ZZ9ADCV4LP"", ""EE845T6H4G"", ""RHM2YXMJTH"", ""FNRA4UWUTG"", ""52NDFKDQS4"", ""PMXSZH53XR"", ""C7T32GDLPJ"", ""L324P5M897"", ""7ENUQQXUZH"", ""YLTPB7VAQU"", ""VGW36MV8TT"", ""E6F5QH9BSU"", ""N9SF59NYEP"", ""6DNUAUR7ZZ"", ""JTY4F7GS2W"", ""5B47EZJ6F6"", ""WKUTXGLSLG"", ""MQ28UD269P"", ""CK5PGNRCP3"", ""4N5ZDEUHTX"", ""82CPXTXQT4"", ""NL3M78QYL4"", ""YNFMB6QCG8"", ""2H2QQCNQEJ"", ""WCLNC3HLMD"", ""VX7QK7GSKM"", ""V77KHHPFC5"", ""2C2Q27UQGZ"", ""K8W3RGYMBF"", ""SLAKMTNWVS"", ""XFPXGA52KM"", ""3M3A54TEAL"", ""KFL82LE7PT"", ""E9WNM3GFKR"", ""R7T3BEED8Z"", ""JUHRT9CB6B"", ""TWMJL95UN4"", ""2LB7N76WSK"", ""TDJBA26V5U"", ""RSVU4AKANV"", ""LJ9AWSG8F8"", ""RXPUBTJVDN"", ""WGGXVQZ6F3"", ""VJ3Y2JVWTV"", ""VX8HXTGEQB"", ""R772F2S6A8"", ""PPMBGF3L2X"", ""YXQ2CNUM2R"", ""RGUK9G2SEE"", ""SS8KVQCS82"", ""CJCZEP2UWG"", ""DGYYH4FLF9"", ""RH7K4KBDSM"", ""3K3JLP72F9"", ""JE6F9J7DPD"", ""VMFY5AJ7H7"", ""5QAGXBALNN"", ""BV3PP5UXLD"", ""RPXVAH5WBY"", ""9WPQZ5DZYV"", ""CWEFRH66QZ"", ""VWHS7LEB5S"", ""36L53VDZQU"", ""WWYEHR5Q7X"", ""QRBFLR6NFD"", ""NLSYL9HB4L"", ""7GCZ5K6DGC"", ""RRCURFFDJ7"", ""P8LAK57G23"", ""VKQ6QEHFF6"", ""C5VLH4U4F6"", ""D5SABULU3K"", ""8NJBU335SX""]"
How do you prefer your sandwiches to be served?,"{""Cut into rectangles"": 0.17729366181964992, ""Cut into triangles"": 0.17729366181964992, ""Whole and uncut"": 0.6454126763607002}","[""V5ZF9UGEL8"", ""V5HPDZ2UPB"", ""CFQ7QCP7KY"", ""H7WFZC3C6X"", ""VASPVKAVG7"", ""5XXENM3AQ3"", ""E8EF293J7M"", ""E43YLPLNRJ"", ""XSHDG66LR4"", ""TT3VG6G8G7"", ""UAQXMPF9G3"", ""MKSZTVCPF8"", ""2P39L7GJ4V"", ""7NCCMB2NKA"", ""EZNUEW7Y37"", ""QDKGTSLVHK"", ""7H22WSQUS7"", ""SCXSK3RNGJ"", ""7VPA2B5XLC"", ""YHMF8TUD9F"", ""BV2BT4XH7J"", ""4T2CUQ4T9V"", ""JXSR9AGJ3C"", ""YW65RSX2AZ"", ""GY8YKPPZFP"", ""JJDMJN9CJX"", ""7V8EJRNRVG"", ""JBNDRNH2BE"", ""VSYJ3EQL8M"", ""CZKESJW7LE"", ""E4AFHXJJN9"", ""E8AW4LQFLB"", ""TC26W3YT9B"", ""PQ43BFQVA5"", ""Y43BFM9YX9"", ""VTTVD7K5CQ"", ""2TR8W2BMEX"", ""PBLMBL9UKU"", ""ZH9GA4HK78"", ""K3T2H9C54R"", ""6DNUAUR7ZZ"", ""JTY4F7GS2W"", ""5B47EZJ6F6"", ""WKUTXGLSLG"", ""MQ28UD269P"", ""CK5PGNRCP3"", ""4N5ZDEUHTX"", ""82CPXTXQT4"", ""NL3M78QYL4"", ""YNFMB6QCG8"", ""2H2QQCNQEJ"", ""WCLNC3HLMD"", ""VX7QK7GSKM"", ""V77KHHPFC5"", ""2C2Q27UQGZ"", ""K8W3RGYMBF"", ""SLAKMTNWVS"", ""XFPXGA52KM"", ""3M3A54TEAL"", ""KFL82LE7PT"", ""E9WNM3GFKR"", ""R7T3BEED8Z"", ""JUHRT9CB6B"", ""TWMJL95UN4"", ""2LB7N76WSK"", ""TDJBA26V5U"", ""RSVU4AKANV"", ""LJ9AWSG8F8"", ""RXPUBTJVDN"", ""WGGXVQZ6F3"", ""VJ3Y2JVWTV"", ""VX8HXTGEQB"", ""R772F2S6A8"", ""PPMBGF3L2X"", ""YXQ2CNUM2R"", ""RGUK9G2SEE"", ""SS8KVQCS82"", ""CJCZEP2UWG"", ""DGYYH4FLF9"", ""RH7K4KBDSM"", ""3K3JLP72F9"", ""JE6F9J7DPD"", ""VMFY5AJ7H7"", ""5QAGXBALNN"", ""BV3PP5UXLD"", ""RPXVAH5WBY"", ""9WPQZ5DZYV"", ""CWEFRH66QZ"", ""VWHS7LEB5S"", ""36L53VDZQU"", ""WWYEHR5Q7X"", ""QRBFLR6NFD"", ""NLSYL9HB4L"", ""7GCZ5K6DGC"", ""RRCURFFDJ7"", ""P8LAK57G23"", ""VKQ6QEHFF6"", ""C5VLH4U4F6"", ""D5SABULU3K"", ""8NJBU335SX""]"
Is there at least one working telephone inside your home that is not a cell phone?,"{""Yes"": 0.24028357195336167, ""No"": 0.7597164280466384}","[""HVJ5UKGB36"", ""DLR5U5QKHP"", ""85KMW655ST"", ""B6S2PMGGRS"", ""7JTTX8WXTK"", ""J9Z8C8DW9N"", ""5SKMUTB7SW"", ""V8J3PN39RK"", ""SD6YUPPZFJ"", ""G9E3T6XHAQ"", ""RCGAHYQSDC"", ""QLJDZ8BNQT"", ""65927BPGKY"", ""B34NSJ4UYR"", ""QRKNMMFPFP"", ""93U2WT4YCR"", ""XPSU874HL9"", ""FJCKNMVAXT"", ""Z2KM272KD9"", ""GZEBXDXYQ8"", ""T9BS57N8Y7"", ""BZTJJ7FD5J"", ""KL5SSJ8K3W"", ""7WNZHMKG8N"", ""5S9MGVRGSS"", ""9DHBF4AMCB"", ""P4AYBTPW3J"", ""8JTAN26SWH"", ""PF4U7234V4"", ""WX5WBPG8KX"", ""4MPMSUAZ4C"", ""XFLVGVNWBL"", ""SZ6KPDD44D"", ""2NWFDES4UQ"", ""FM5XNWP5GT"", ""6UTYKPNPBV"", ""2CVWGYACFA"", ""6BLVUFEYAF"", ""CVP8UXZHWV"", ""Q5L5EABP27"", ""6DNUAUR7ZZ"", ""JTY4F7GS2W"", ""5B47EZJ6F6"", ""WKUTXGLSLG"", ""MQ28UD269P"", ""CK5PGNRCP3"", ""4N5ZDEUHTX"", ""82CPXTXQT4"", ""NL3M78QYL4"", ""YNFMB6QCG8"", ""2H2QQCNQEJ"", ""WCLNC3HLMD"", ""VX7QK7GSKM"", ""V77KHHPFC5"", ""2C2Q27UQGZ"", ""K8W3RGYMBF"", ""SLAKMTNWVS"", ""XFPXGA52KM"", ""3M3A54TEAL"", ""KFL82LE7PT"", ""E9WNM3GFKR"", ""R7T3BEED8Z"", ""JUHRT9CB6B"", ""TWMJL95UN4"", ""2LB7N76WSK"", ""TDJBA26V5U"", ""RSVU4AKANV"", ""LJ9AWSG8F8"", ""RXPUBTJVDN"", ""WGGXVQZ6F3"", ""VJ3Y2JVWTV"", ""VX8HXTGEQB"", ""R772F2S6A8"", ""PPMBGF3L2X"", ""YXQ2CNUM2R"", ""RGUK9G2SEE"", ""SS8KVQCS82"", ""CJCZEP2UWG"", ""DGYYH4FLF9"", ""RH7K4KBDSM"", ""3K3JLP72F9"", ""JE6F9J7DPD"", ""VMFY5AJ7H7"", ""5QAGXBALNN"", ""BV3PP5UXLD"", ""RPXVAH5WBY"", ""9WPQZ5DZYV"", ""CWEFRH66QZ"", ""VWHS7LEB5S"", ""36L53VDZQU"", ""WWYEHR5Q7X"", ""QRBFLR6NFD"", ""NLSYL9HB4L"", ""7GCZ5K6DGC"", ""RRCURFFDJ7"", ""P8LAK57G23"", ""VKQ6QEHFF6"", ""C5VLH4U4F6"", ""D5SABULU3K"", ""8NJBU335SX""]"
How concerned are you about how Companies use the data they collect about you?,"{""Very concerned"": 0.1785564298976632, ""Somewhat concerned"": 0.08697169974986053, ""Not very concerned"": 0.3258619900784252, ""Not at all concerned"": 0.4086098802740511}","[""8NEDJKY2Z7"", ""Q7WLBL5MPU"", ""SXHR5PKESE"", ""VVRFBGSL4D"", ""L59LF9JGFY"", ""XYASPJB5EF"", ""24WGJMWMQZ"", ""YU9QHSJSHS"", ""8NLM5AVDMM"", ""BHNJ8SE7ZN"", ""KDBAPXT73A"", ""MDF86HBG8D"", ""7SQRWQTUQ5"", ""3UHF5YVTTS"", ""MC77E2PAFT"", ""RFSEVWHZGF"", ""H5979R2QAU"", ""UHZZ3CBCZ9"", ""JWZJHYE72A"", ""E7Y3EY4TSY"", ""VLJU657DDD"", ""EG443SM9JN"", ""8XPTRC7RLS"", ""4BPF8BAJPE"", ""HD2XAK8RJ5"", ""RD7272P5P2"", ""ZXXMZMTF3B"", ""FACAP64P3E"", ""YZC2VDYQPY"", ""4Q94X29RYR"", ""VRHD2A83DT"", ""4NPN32SEMG"", ""3J8XTZGLQ2"", ""X2PXZW9BA3"", ""F9B2BTRF6R"", ""6AT5FM6AKV"", ""6A8ZCBNCSU"", ""N3Z6DWUGQU"", ""U2CBSXLV93"", ""GRMH6T5E7T"", ""6DNUAUR7ZZ"", ""JTY4F7GS2W"", ""5B47EZJ6F6"", ""WKUTXGLSLG"", ""MQ28UD269P"", ""CK5PGNRCP3"", ""4N5ZDEUHTX"", ""82CPXTXQT4"", ""NL3M78QYL4"", ""YNFMB6QCG8"", ""2H2QQCNQEJ"", ""WCLNC3HLMD"", ""VX7QK7GSKM"", ""V77KHHPFC5"", ""2C2Q27UQGZ"", ""K8W3RGYMBF"", ""SLAKMTNWVS"", ""XFPXGA52KM"", ""3M3A54TEAL"", ""KFL82LE7PT"", ""E9WNM3GFKR"", ""R7T3BEED8Z"", ""JUHRT9CB6B"", ""TWMJL95UN4"", ""2LB7N76WSK"", ""TDJBA26V5U"", ""RSVU4AKANV"", ""LJ9AWSG8F8"", ""RXPUBTJVDN"", ""WGGXVQZ6F3"", ""VJ3Y2JVWTV"", ""VX8HXTGEQB"", ""R772F2S6A8"", ""PPMBGF3L2X"", ""YXQ2CNUM2R"", ""RGUK9G2SEE"", ""SS8KVQCS82"", ""CJCZEP2UWG"", ""DGYYH4FLF9"", ""RH7K4KBDSM"", ""3K3JLP72F9"", ""JE6F9J7DPD"", ""VMFY5AJ7H7"", ""5QAGXBALNN"", ""BV3PP5UXLD"", ""RPXVAH5WBY"", ""9WPQZ5DZYV"", ""CWEFRH66QZ"", ""VWHS7LEB5S"", ""36L53VDZQU"", ""WWYEHR5Q7X"", ""QRBFLR6NFD"", ""NLSYL9HB4L"", ""7GCZ5K6DGC"", ""RRCURFFDJ7"", ""P8LAK57G23"", ""VKQ6QEHFF6"", ""C5VLH4U4F6"", ""D5SABULU3K"", ""8NJBU335SX""]"
